{
  "id" : "8f40553d-7439-4589-88f3-d9eb0d02cec2",
  "name" : "OpenAIAPI LBG",
  "description" : "OpenAIAPI",
  "connection_config" : null,
  "endpoint_type_id" : "de4f95fa-d30d-4d50-998c-dd3d1293e83c",
  "enabled" : true,
  "bean_name" : "HTTPSClient-5b53d061-1ad0-457e-8631-bd428e7e9901",
  "status" : {
    "type" : "jsonb",
    "value" : "{\"112c1cb8-4b9e-4d1a-a042-0bd031dc7d05\": true, \"81e359da-9454-40ba-b968-1273a3b8e37b\": true, \"bdf2e4f5-a195-40b5-a82a-1d76ab30e077\": true}",
    "null" : false
  },
  "auth_token_config" : {
    "type" : "jsonb",
    "value" : "{}",
    "null" : false
  },
  "avatar_id" : null,
  "tag" : "V1",
  "active" : false,
  "is_changed" : true,
  "comment" : "MVP, working well",
  "is_error" : false,
  "base_tag" : "EMPTY"
}