{
  "component_config_id" : "07d826e8-3adc-4811-9d2b-acbf02739886",
  "endpoint_config_json" : {
    "type" : "jsonb",
    "value" : "{\"crossRef\": [], \"services\": [], \"multistep\": [], \"operations\": []}",
    "null" : false
  },
  "input_config_json" : {
    "type" : "jsonb",
    "value" : "{\"crossRef\": [], \"services\": [], \"multistep\": [], \"operations\": [{\"map\": {\"id\": \"7d5d360b-c45b-4979-adee-6d2da03b7977\", \"root\": false, \"type\": \"map\", \"cached\": false, \"source\": \"/SFDCContactPushOutput/sobject/Id\", \"target\": \"/GetSFDCContactByIdInput/where/where_Id\", \"mapNull\": false, \"disabled\": false, \"extractXml\": false, \"extractJson\": false, \"targetOrder\": 3.0, \"mapEmptyString\": false, \"sourceJavaType\": \"java.lang.String\", \"targetJavaType\": \"java.lang.String\"}}]}",
    "null" : false
  },
  "output_config_json" : {
    "type" : "jsonb",
    "value" : "{\"crossRef\": [], \"services\": [], \"multistep\": [], \"operations\": [{\"map\": {\"id\": \"29a5bd33-3d57-48cd-a80a-006da334a0ff\", \"root\": true, \"type\": \"map\", \"cached\": false, \"source\": \"/GetSFDCContactByIdOutput\", \"target\": \"/GetSFDCContactByIdOutput\", \"mapNull\": false, \"disabled\": false, \"extractXml\": false, \"extractJson\": false, \"targetOrder\": 1.0, \"mapEmptyString\": false}}]}",
    "null" : false
  },
  "component_id" : "f9e692b6-2d3f-4aa8-be08-38ccc97babd0",
  "service_id" : "78f21a9f-783d-4789-9ea8-b62f7ac9fbd2",
  "endpoint_id" : "e2d65107-159a-4b7a-8208-bc518b97a0ca",
  "parent_component_config_id" : null,
  "component_config_order" : 2.25,
  "action_id" : "33fcf5be-a5ef-444a-af71-5cb5d0eaec92",
  "name" : "Get contact by ID",
  "description" : "",
  "override_endpoint" : false,
  "input_structure_json" : {
    "type" : "jsonb",
    "value" : "{\"maps\": [{\"/GetSFDCContactByIdInput/where/where_Id\": [{\"type\": \"map\", \"source\": {\"path\": \"/SFDCContactPushOutput/sobject/Id\", \"title\": \"Id\", \"dataElementType\": \"string\"}, \"target\": {\"path\": \"/GetSFDCContactByIdInput/where/where_Id\", \"order\": 3, \"title\": \"Id\", \"dataElementType\": \"string\"}, \"mapCondition\": {\"isConditionSet\": false, \"sourceTreeIndex\": [], \"targetTreeIndex\": [], \"mapConditionFormValue\": {}}}]}], \"mappedNodes\": [\"/GetSFDCContactByIdOutputactionOut\", \"/GetSFDCContactByIdOutputpipeOut\", \"/SFDCContactPushOutput/sobject/Id pipeIn\", \"/GetSFDCContactByIdInput/where/where_Id actionIn\"]}",
    "null" : false
  },
  "output_structure_json" : {
    "type" : "jsonb",
    "value" : "{\"maps\": [{\"/GetSFDCContactByIdOutput\": [{\"type\": \"map\", \"source\": {\"path\": \"/GetSFDCContactByIdOutput\", \"title\": \"GetSFDCContactByIdOutput\", \"dataElementType\": \"document\"}, \"target\": {\"path\": \"/GetSFDCContactByIdOutput\", \"order\": 1, \"title\": \"GetSFDCContactByIdOutput\", \"dataElementType\": \"document\"}, \"mapCondition\": {\"isConditionSet\": false, \"sourceTreeIndex\": [], \"targetTreeIndex\": [], \"mapConditionFormValue\": {}}}]}], \"tracks\": {}, \"transformer\": []}",
    "null" : false
  },
  "endpoint_structure_json" : {
    "type" : "jsonb",
    "value" : "{\"maps\": []}",
    "null" : false
  },
  "is_error" : false,
  "no_of_errors" : 0,
  "action_input_type" : null,
  "config_service_id" : null,
  "config_imap_id" : null,
  "config_b2b_document_type_id" : null,
  "config_document_id" : null,
  "add_variables" : {
    "type" : "jsonb",
    "value" : "[]",
    "null" : false
  },
  "drop_variables" : {
    "type" : "jsonb",
    "value" : "[]",
    "null" : false
  },
  "plug_input_structure" : null,
  "plug_output_structure" : null,
  "config_plug_id" : "c31addbd-be58-494f-9b0a-6a4365c85b3d",
  "override_plug" : false,
  "config_java_service_id" : null,
  "service_tag" : "V1",
  "endpoint_tag" : "EMPTY",
  "config_service_tag" : "",
  "config_imap_tag" : "",
  "config_b2b_document_type_tag" : "",
  "active" : false,
  "parent_component_config_service_tag" : "V1",
  "service_project_id" : "479d3307-5f9a-45a1-bc21-95a2cf99eea8",
  "service_project_tag" : "V1",
  "config_service_project_id" : null,
  "config_service_project_tag" : "",
  "config_imap_project_id" : null,
  "config_imap_project_tag" : "",
  "config_b2b_document_type_project_id" : null,
  "config_b2b_document_type_project_tag" : "",
  "endpoint_project_id" : "479d3307-5f9a-45a1-bc21-95a2cf99eea8",
  "endpoint_project_tag" : "EMPTY",
  "config_plug_tag" : "EMPTY",
  "config_plug_project_id" : "479d3307-5f9a-45a1-bc21-95a2cf99eea8",
  "config_plug_project_tag" : "EMPTY",
  "config_java_service_tag" : "",
  "config_java_service_project_id" : null,
  "config_java_service_project_tag" : "",
  "disabled" : false,
  "config" : {
    "type" : "json",
    "value" : "{\"objectId\":null,\"version\":null,\"objectApiId\":null}",
    "null" : false
  },
  "config_b2b_document_type_project_mode_id" : "112c1cb8-4b9e-4d1a-a042-0bd031dc7d05",
  "config_imap_project_mode_id" : "112c1cb8-4b9e-4d1a-a042-0bd031dc7d05",
  "config_java_service_project_mode_id" : "112c1cb8-4b9e-4d1a-a042-0bd031dc7d05",
  "config_plug_project_mode_id" : "112c1cb8-4b9e-4d1a-a042-0bd031dc7d05",
  "config_service_project_mode_id" : "112c1cb8-4b9e-4d1a-a042-0bd031dc7d05",
  "endpoint_project_mode_id" : "112c1cb8-4b9e-4d1a-a042-0bd031dc7d05",
  "service_project_mode_id" : "112c1cb8-4b9e-4d1a-a042-0bd031dc7d05",
  "parent_component_config_service_project_mode_id" : "112c1cb8-4b9e-4d1a-a042-0bd031dc7d05",
  "is_audit" : true,
  "keys_with_order" : null
}