{
  "component_config_id" : "cb3e481b-8483-4648-ba26-8a2f58d51a28",
  "endpoint_config_json" : null,
  "input_config_json" : {
    "type" : "jsonb",
    "value" : "{\"crossRef\": [], \"services\": [], \"multistep\": [], \"operations\": []}",
    "null" : false
  },
  "output_config_json" : {
    "type" : "jsonb",
    "value" : "{\"operations\": [{\"map\": {\"id\": \"8974a87f-f998-4052-8065-770ca662602e\", \"root\": true, \"type\": \"map\", \"source\": \"/SFDCContactPushOutput\", \"target\": \"/SFDCContactPushOutput\", \"targetOrder\": 1}}]}",
    "null" : false
  },
  "component_id" : "f9e692b6-2d3f-4aa8-be08-38ccc97babd0",
  "service_id" : "78f21a9f-783d-4789-9ea8-b62f7ac9fbd2",
  "endpoint_id" : "e2d65107-159a-4b7a-8208-bc518b97a0ca",
  "parent_component_config_id" : null,
  "component_config_order" : 1.0,
  "action_id" : "1fd53c4e-4c2b-46dc-8763-b7a2c9291e44",
  "name" : "Get New Contact Push",
  "description" : "",
  "override_endpoint" : false,
  "input_structure_json" : {
    "type" : "jsonb",
    "value" : "{\"plug\": \"6d88f5f6-7b6d-4b60-a66f-36fd3161172f\"}",
    "null" : false
  },
  "output_structure_json" : {
    "type" : "jsonb",
    "value" : "{\"maps\": [{\"/SFDCContactPushOutput\": [{\"type\": \"map\", \"source\": {\"path\": \"/SFDCContactPushOutput\", \"title\": \"SFDCContactPushOutput\", \"dataElementType\": \"document\"}, \"target\": {\"path\": \"/SFDCContactPushOutput\", \"order\": 1, \"title\": \"SFDCContactPushOutput\", \"dataElementType\": \"document\"}, \"mapCondition\": {\"isConditionSet\": false, \"sourceTreeIndex\": [], \"targetTreeIndex\": [], \"mapConditionFormValue\": {}}}]}], \"transformer\": []}",
    "null" : false
  },
  "endpoint_structure_json" : null,
  "is_error" : false,
  "no_of_errors" : 0,
  "action_input_type" : null,
  "config_service_id" : null,
  "config_imap_id" : null,
  "config_b2b_document_type_id" : null,
  "config_document_id" : null,
  "add_variables" : null,
  "drop_variables" : null,
  "plug_input_structure" : null,
  "plug_output_structure" : null,
  "config_plug_id" : "6d88f5f6-7b6d-4b60-a66f-36fd3161172f",
  "override_plug" : false,
  "config_java_service_id" : null,
  "service_tag" : "V1",
  "endpoint_tag" : null,
  "config_service_tag" : null,
  "config_imap_tag" : null,
  "config_b2b_document_type_tag" : null,
  "active" : false,
  "parent_component_config_service_tag" : "V1",
  "service_project_id" : "479d3307-5f9a-45a1-bc21-95a2cf99eea8",
  "service_project_tag" : "V1",
  "config_service_project_id" : null,
  "config_service_project_tag" : null,
  "config_imap_project_id" : null,
  "config_imap_project_tag" : null,
  "config_b2b_document_type_project_id" : null,
  "config_b2b_document_type_project_tag" : null,
  "endpoint_project_id" : null,
  "endpoint_project_tag" : null,
  "config_plug_tag" : null,
  "config_plug_project_id" : null,
  "config_plug_project_tag" : null,
  "config_java_service_tag" : null,
  "config_java_service_project_id" : null,
  "config_java_service_project_tag" : null,
  "disabled" : false,
  "config" : null,
  "config_b2b_document_type_project_mode_id" : "112c1cb8-4b9e-4d1a-a042-0bd031dc7d05",
  "config_imap_project_mode_id" : "112c1cb8-4b9e-4d1a-a042-0bd031dc7d05",
  "config_java_service_project_mode_id" : "112c1cb8-4b9e-4d1a-a042-0bd031dc7d05",
  "config_plug_project_mode_id" : "112c1cb8-4b9e-4d1a-a042-0bd031dc7d05",
  "config_service_project_mode_id" : "112c1cb8-4b9e-4d1a-a042-0bd031dc7d05",
  "endpoint_project_mode_id" : "112c1cb8-4b9e-4d1a-a042-0bd031dc7d05",
  "service_project_mode_id" : "112c1cb8-4b9e-4d1a-a042-0bd031dc7d05",
  "parent_component_config_service_project_mode_id" : "112c1cb8-4b9e-4d1a-a042-0bd031dc7d05",
  "is_audit" : true,
  "keys_with_order" : null
}