{
  "document_type_id" : "435c4174-2c8c-4f8e-9534-df36ac266054",
  "name" : "SSE-1-0-3-NewContactEnhanced",
  "description" : "SSE : New Contact Enhanced Events",
  "version" : null,
  "business_document_type_id" : null,
  "document_format_id" : "edc154a0-55fc-11e9-8647-d663bd873d93",
  "root_tag" : null,
  "structure" : {
    "type" : "jsonb",
    "value" : "[{\"key\": \"/contact\", \"type\": \"object\", \"order\": 1.0, \"title\": \"contact\", \"value\": {\"type\": \"object\", \"requiredFlag\": false}, \"isLeaf\": false, \"children\": [{\"key\": \"/contact/name\", \"type\": \"string\", \"order\": 2.0, \"title\": \"name\", \"value\": {\"type\": \"string\", \"requiredFlag\": false}, \"isLeaf\": true, \"childrenSet\": false, \"hasChildren\": false, \"dataElementType\": \"string\", \"encryption_required\": false}, {\"key\": \"/contact/title\", \"type\": \"string\", \"order\": 3.0, \"title\": \"title\", \"value\": {\"type\": \"string\", \"requiredFlag\": false}, \"isLeaf\": true, \"childrenSet\": false, \"hasChildren\": false, \"dataElementType\": \"string\", \"encryption_required\": false}, {\"key\": \"/contact/company\", \"type\": \"string\", \"order\": 4.0, \"title\": \"company\", \"value\": {\"type\": \"string\", \"requiredFlag\": false}, \"isLeaf\": true, \"childrenSet\": false, \"hasChildren\": false, \"dataElementType\": \"string\", \"encryption_required\": false}, {\"key\": \"/contact/industry\", \"type\": \"string\", \"order\": 5.0, \"title\": \"industry\", \"value\": {\"type\": \"string\", \"requiredFlag\": false}, \"isLeaf\": true, \"childrenSet\": false, \"hasChildren\": false, \"dataElementType\": \"string\", \"encryption_required\": false}, {\"key\": \"/contact/email\", \"type\": \"string\", \"order\": 6.0, \"title\": \"email\", \"value\": {\"type\": \"string\", \"requiredFlag\": false}, \"isLeaf\": true, \"childrenSet\": false, \"hasChildren\": false, \"dataElementType\": \"string\", \"encryption_required\": false}, {\"key\": \"/contact/phone\", \"type\": \"string\", \"order\": 7.0, \"title\": \"phone\", \"value\": {\"type\": \"string\", \"requiredFlag\": false}, \"isLeaf\": true, \"childrenSet\": false, \"hasChildren\": false, \"dataElementType\": \"string\", \"encryption_required\": false}], \"childrenSet\": false, \"hasChildren\": false, \"dataElementType\": \"document\", \"encryption_required\": false}, {\"key\": \"/insights\", \"type\": \"object\", \"order\": 8.0, \"title\": \"insights\", \"value\": {\"type\": \"object\", \"requiredFlag\": false}, \"isLeaf\": false, \"children\": [{\"key\": \"/insights/personalized_outreach\", \"type\": \"string\", \"order\": 9.0, \"title\": \"personalized_outreach\", \"value\": {\"type\": \"string\", \"requiredFlag\": false}, \"isLeaf\": true, \"childrenSet\": false, \"hasChildren\": false, \"dataElementType\": \"string\", \"encryption_required\": false}, {\"key\": \"/insights/industry_summary\", \"type\": \"string\", \"order\": 10.0, \"title\": \"industry_summary\", \"value\": {\"type\": \"string\", \"requiredFlag\": false}, \"isLeaf\": true, \"childrenSet\": false, \"hasChildren\": false, \"dataElementType\": \"string\", \"encryption_required\": false}, {\"key\": \"/insights/talking_points[]\", \"type\": \"array\", \"order\": 11.0, \"title\": \"talking_points\", \"value\": {\"type\": \"array\", \"requiredFlag\": false}, \"isLeaf\": false, \"childrenSet\": false, \"hasChildren\": false, \"dataElementType\": \"stringArray\", \"encryption_required\": false}, {\"key\": \"/insights/sentiment_score\", \"type\": \"number\", \"order\": 12.0, \"title\": \"sentiment_score\", \"value\": {\"type\": \"number\", \"requiredFlag\": false}, \"isLeaf\": true, \"childrenSet\": false, \"hasChildren\": false, \"dataElementType\": \"number\", \"encryption_required\": false}, {\"key\": \"/insights/churn_risk\", \"type\": \"string\", \"order\": 13.0, \"title\": \"churn_risk\", \"value\": {\"type\": \"string\", \"requiredFlag\": false}, \"isLeaf\": true, \"childrenSet\": false, \"hasChildren\": false, \"dataElementType\": \"string\", \"encryption_required\": false}], \"childrenSet\": false, \"hasChildren\": false, \"dataElementType\": \"document\", \"encryption_required\": false}, {\"key\": \"/recommendations\", \"type\": \"object\", \"order\": 14.0, \"title\": \"recommendations\", \"value\": {\"type\": \"object\", \"requiredFlag\": false}, \"isLeaf\": false, \"children\": [{\"key\": \"/recommendations/next_steps[]\", \"type\": \"array\", \"order\": 15.0, \"title\": \"next_steps\", \"value\": {\"type\": \"array\", \"requiredFlag\": false}, \"isLeaf\": false, \"childrenSet\": false, \"hasChildren\": false, \"dataElementType\": \"stringArray\", \"encryption_required\": false}], \"childrenSet\": false, \"hasChildren\": false, \"dataElementType\": \"document\", \"encryption_required\": false}, {\"key\": \"/errorObject\", \"type\": \"object\", \"order\": 16.0, \"title\": \"errorObject\", \"value\": {\"type\": \"object\", \"requiredFlag\": false}, \"isLeaf\": false, \"children\": [{\"key\": \"/errorObject/errorMessage\", \"type\": \"string\", \"order\": 17.0, \"title\": \"errorMessage\", \"value\": {\"type\": \"string\", \"requiredFlag\": false}, \"isLeaf\": true, \"childrenSet\": false, \"hasChildren\": false, \"dataElementType\": \"string\", \"encryption_required\": false}, {\"key\": \"/errorObject/errorDetails\", \"type\": \"string\", \"order\": 18.0, \"title\": \"errorDetails\", \"value\": {\"type\": \"string\", \"requiredFlag\": false}, \"isLeaf\": true, \"childrenSet\": false, \"hasChildren\": false, \"dataElementType\": \"string\", \"encryption_required\": false}, {\"key\": \"/errorObject/errors[]\", \"type\": \"array\", \"order\": 19.0, \"title\": \"errors\", \"value\": {\"type\": \"array\", \"requiredFlag\": false}, \"isLeaf\": false, \"children\": [{\"key\": \"/errorObject/errors[]/message\", \"type\": \"string\", \"order\": 20.0, \"title\": \"message\", \"value\": {\"type\": \"string\", \"requiredFlag\": false}, \"isLeaf\": true, \"childrenSet\": false, \"hasChildren\": false, \"dataElementType\": \"string\", \"encryption_required\": false}], \"childrenSet\": false, \"hasChildren\": false, \"dataElementType\": \"documentArray\", \"encryption_required\": false}], \"childrenSet\": false, \"hasChildren\": false, \"dataElementType\": \"document\", \"encryption_required\": false}]",
    "null" : false
  },
  "key_fields" : null,
  "schema" : {
    "type" : "json",
    "value" : "{\"type\":\"object\",\"properties\":{\"contact\":{\"type\":\"object\",\"properties\":{\"name\":{\"type\":\"string\"},\"title\":{\"type\":\"string\"},\"company\":{\"type\":\"string\"},\"industry\":{\"type\":\"string\"},\"email\":{\"type\":\"string\"},\"phone\":{\"type\":\"string\"}}},\"insights\":{\"type\":\"object\",\"properties\":{\"personalized_outreach\":{\"type\":\"string\"},\"industry_summary\":{\"type\":\"string\"},\"talking_points\":{\"type\":\"array\",\"items\":{\"type\":\"string\"}},\"sentiment_score\":{\"type\":\"number\"},\"churn_risk\":{\"type\":\"string\"}}},\"recommendations\":{\"type\":\"object\",\"properties\":{\"next_steps\":{\"type\":\"array\",\"items\":{\"type\":\"string\"}}}},\"errorObject\":{\"type\":\"object\",\"properties\":{\"errorMessage\":{\"type\":\"string\"},\"errorDetails\":{\"type\":\"string\"},\"errors\":{\"type\":\"array\",\"items\":{\"properties\":{\"message\":{\"type\":\"string\"}}}}}}},\"$schema\":\"http://json-schema.org/draft-04/schema#\"}",
    "null" : false
  },
  "source_schema" : null,
  "type" : "custom",
  "doc_type" : null,
  "source_type" : "jsonschema",
  "ignore_missing_schemas" : false,
  "has_ref_schemas" : null,
  "flat_file_config" : null,
  "active" : false,
  "is_changed" : true,
  "tag" : "V1",
  "comment" : "MVP, working well",
  "base_tag" : "EMPTY"
}